year,median_home_price,mortgage_rate,monthly_payment,median_income,payment_to_income_%,price_to_income,nominal_HPI,real_HPI,CPI
2000,167550.0,8.06,1112.97,41990,31.81,3.99,100.0,100.0,100.0
2001,173100.0,6.97,1033.45,42230,29.37,4.1,108.03,105.07,102.82
2002,186025.0,6.54,1062.27,42410,30.06,4.39,116.71,111.73,104.46
2003,192125.0,5.82,1016.72,43320,28.16,4.44,127.64,119.45,106.86
2004,218150.0,5.84,1156.82,44330,31.31,4.92,143.59,130.89,109.71
2005,236550.0,5.86,1257.98,46330,32.58,5.11,163.92,144.55,113.4
2006,243750.0,6.41,1373.76,48200,34.2,5.06,175.1,149.59,117.05
2007,244950.0,6.34,1370.38,50230,32.74,4.88,171.73,142.61,120.41
2008,229550.0,6.04,1243.44,50300,29.66,4.56,156.59,125.26,125.01
2009,215650.0,5.04,1046.8,49780,25.23,4.33,141.78,113.78,124.61
2010,222700.0,4.69,1038.37,49280,25.29,4.52,138.08,109.03,126.65
2011,224900.0,4.46,1020.28,50050,24.46,4.49,132.91,101.75,130.62
2012,244400.0,3.66,1006.96,51020,23.68,4.79,134.57,100.93,133.33
2013,266225.0,3.98,1141.4,53590,25.56,4.97,147.48,109.01,135.29
2014,285775.0,4.17,1253.67,53660,28.04,5.33,157.19,114.34,137.47
2015,294150.0,3.85,1240.95,56520,26.35,5.2,164.32,119.39,137.64
2016,305125.0,3.65,1255.89,59040,25.53,5.17,172.67,123.88,139.38
2017,322425.0,3.99,1383.87,61140,27.16,5.27,182.65,128.31,142.35
2018,325275.0,4.54,1490.11,63180,28.3,5.15,193.22,132.5,145.83
2019,320250.0,3.93,1365.04,68700,23.84,4.66,199.88,134.63,148.47
2020,328150.0,3.11,1263.32,68010,22.29,4.83,211.98,141.01,150.33
2021,383000.0,2.96,1445.05,70780,24.5,5.41,248.13,157.67,157.37
2022,432950.0,5.33,2170.43,74580,34.92,5.81,284.72,167.54,169.94
2023,426525.0,6.8,2501.38,80610,37.24,5.29,291.84,164.92,176.96
2024,418975.0,6.72,2439.12,83160,35.2,5.04,306.74,168.37,182.18
2025,415320.0,6.67,2405.11,87460,33.0,4.75,313.17,167.49,186.98
