State,StateName,home_value_2026_03
California,CA,766255.0
Texas,TX,302810.0
Florida,FL,377288.0
New York,NY,514814.0
Pennsylvania,PA,287940.0
Illinois,IL,293116.0
Ohio,OH,246813.0
Georgia,GA,332205.0
North Carolina,NC,336795.0
Michigan,MI,264478.0
New Jersey,NJ,573050.0
Virginia,VA,412295.0
Washington,WA,600406.0
Arizona,AZ,422645.0
Massachusetts,MA,659950.0
Tennessee,TN,334653.0
Indiana,IN,258308.0
Maryland,MD,429040.0
Missouri,MO,265163.0
Wisconsin,WI,337014.0
Colorado,CO,538473.0
Minnesota,MN,350801.0
South Carolina,SC,306876.0
Alabama,AL,240383.0
Louisiana,LA,216506.0
Kentucky,KY,233502.0
Oregon,OR,499185.0
Oklahoma,OK,222155.0
Connecticut,CT,441557.0
Utah,UT,538528.0
Iowa,IA,238076.0
Nevada,NV,447282.0
Arkansas,AR,225798.0
Mississippi,MS,197461.0
Kansas,KS,247758.0
New Mexico,NM,317217.0
Nebraska,NE,279394.0
Idaho,ID,479055.0
West Virginia,WV,177254.0
Hawaii,HI,832021.0
New Hampshire,NH,512377.0
Maine,ME,414642.0
Rhode Island,RI,505075.0
Montana,MT,470822.0
Delaware,DE,404917.0
South Dakota,SD,322113.0
North Dakota,ND,289853.0
Alaska,AK,390624.0
District of Columbia,DC,575333.0
Vermont,VT,400108.0
Wyoming,WY,368097.0
